audio_id,service,raw_output,excluded,wer_vs_verbatim,wer_vs_normalized,wer_best,cer_vs_verbatim,cer_vs_normalized,cer_best,best_layer
kzaudio_1,whisper_local_large-v3,"Біз өзімізге влажене жасаймыз, өзімізбен жұмыш жасаймыз деп. И в общем, влаженен, конечно, менем бастадық, брекет салды.",False,0.5625,0.2941,0.2941,0.0855,0.0684,0.0684,normalized
kzaudio_2,whisper_local_large-v3,"Алдында мен осы брекетті тағып шықтым да, менің өзім бір жақын танысымды кезіктіріп құн, ондай шыға салып бір тұпой сұрақтар қойтты брекетті мағырып.",False,0.4815,0.4444,0.4444,0.216,0.2086,0.2086,normalized
kzaudio_3,whisper_local_large-v3,"Құмаш баспайты шығар енді ол, специально солай шығарылған қой енді, ауызың бәрі.",False,0.5333,0.4286,0.4286,0.2308,0.1868,0.1868,normalized
kzaudio_4,whisper_local_large-v3,"Білмейм, пейқылдайма, әлі айрапортға бар бүлгерген жоқ мен, қайдан білем. Енді специально пейқылдам айтынғы шығарған шығар.",False,0.5294,0.5882,0.5294,0.1613,0.1875,0.1613,verbatim
kzaudio_5,whisper_local_large-v3,"Қызық ашшын енді, көрген адамға да жалпы, өз медияңға айсыз, енді дәл қазысыздар, бәріңіз менің бірікеті мағара отыстар.",False,0.5263,0.4737,0.4737,0.2269,0.2419,0.2269,normalized
kzaudio_6,whisper_local_large-v3,"Сәл, жоғар, көзіміз беғар еп сөйлесейге. В общем, қытықтап қойсаңыздар болады. Жақында зван емісті қайынап ке деген зван елдің.",False,0.8,0.65,0.65,0.2701,0.2239,0.2239,normalized
kzaudio_7,whisper_local_large-v3,"біз алып жатқан келінің, яғни қыздың бір тәтестілейгі айтпетірекен, айналайын айныр жан, барған жеріне бақытты болам деп емес, бақытты қылам деп баралтыным.",False,0.44,0.52,0.44,0.1026,0.125,0.1026,verbatim
kzaudio_8,whisper_local_large-v3,"ойлан қарасы менің жату ұт ойымдады, мағыны сонды тіледі әйткенде.",False,0.9231,0.9231,0.9231,0.3467,0.3467,0.3467,tie
kzaudio_9,whisper_local_large-v3,"біз келім болып түсеміз, сөйтіп, біз келім болып түскен едің дастар қамбасында тәңертен тұрып, аларқай!",False,0.6667,0.4667,0.4667,0.1684,0.101,0.101,normalized
kzaudio_10,whisper_local_large-v3,"Бәрін бердік, сондағы сіз сен қонақ болдың дейді. Так, стоп! Мен қонақ болған жоқ бұн.",False,0.4615,0.3077,0.3077,0.1053,0.0769,0.0769,normalized
kzaudio_11,whisper_local_large-v3,"қызың боласын, қимайсын, өсіріп баптап, өсірген көлім деп.",False,0.375,0.375,0.375,0.0741,0.0741,0.0741,tie
kzaudio_12,whisper_local_large-v3,"тойдағы тілектер өзіңді бірненгейін бір кетеберетті, самы патолог тілек біздің үйлемі тоимызда дейдердің сестерасы болды.",False,0.7222,0.7368,0.7222,0.2,0.2109,0.2,verbatim
kzaudio_13,whisper_local_large-v3,"Сәйттілектің бәрі дұрыс емес, сен бақытты қыл, қызымсаған аманат.",False,0.3,0.3,0.3,0.0847,0.0847,0.0847,tie
kzaudio_14,whisper_local_large-v3,"Мен ойымша, оңдай нәрсе, оңдай қорғаншы историялар тек қазақтарда бар сияқты. Өйткені мен орыншаға ұдар көрдім ананың қарыч.",False,0.4444,0.4444,0.4444,0.1349,0.1417,0.1349,tie
kzaudio_15,whisper_local_large-v3,"Еркісен, есін таймен разияны арқасына көтерілген сұн дейді. Көпіс айтады, барлықтарыны бірден жауап бірең.",False,0.8571,0.7143,0.7143,0.1731,0.1589,0.1589,normalized
kzaudio_16,whisper_local_large-v3,"Балай бастайын оң, сен негізі жақсы жігітсің. Просто мен саға недастойным.",False,0.4545,0.4545,0.4545,0.1351,0.1333,0.1333,tie
kzaudio_17,whisper_local_large-v3,"Мен осы елімнің азаматымын, енді қазақта сөз бар, шақырған жәден қалма дейді. Мен барған шара, бұл жарым жатылай мемлекеттіктеп дейді оға болады, жарым жатылай жеке шара. Бұл сону тарихына ұнылысық.",False,0.375,0.3125,0.3125,0.1269,0.1156,0.1156,normalized
kzaudio_18,whisper_local_large-v3,"Билғы ғацқанының шарасы Ютуб арнасында тұр. Дональд Трамптың бір жарым сағат сөйлөрді, тоқтамастан. Бір сағат 40 минут қадем барды.",False,0.2632,0.2632,0.2632,0.0902,0.0977,0.0902,tie
kzaudio_19,whisper_local_large-v3,"Мен декана бұл шарам емес. Бұл шарам емес қоса, мен спорт әлемінің Оскарын алдым.",False,0.2857,0.2857,0.2857,0.0909,0.0909,0.0909,tie
kzaudio_20,whisper_local_large-v3,"Бүгінгі дейін сіз ТикТокға шығасыз, Инстаграмға шығасыз, тікіле еферге сол жұмысыңызды тастамайсыз.",False,0.3571,0.3077,0.3077,0.1154,0.08,0.08,normalized
kzaudio_21,whisper_local_large-v3,"Әр бір азамат ұлтына қызмет ету керек деп есіп дейім. Ол жай адам болама, ол шару адам болама, әр кім өз денгейінде қызмет жасаса, біздің еліміз алға басады.",False,0.5517,0.4643,0.4643,0.1329,0.1187,0.1187,normalized
kzaudio_22,whisper_local_large-v3,"бауырлар бірін-бірін үшін алмай жүрген жастар келеді. Солар азаматтар, солардың ортасын біріктіру, оларды жарастыру. Енді психологияның қанчалықты өзінің дүниесі болса да, менің негізгі психологиям ол дем болады.",False,0.25,0.1786,0.1786,0.0437,0.0337,0.0337,normalized
kzaudio_23,whisper_local_large-v3,"Бір оқиға бар, бір үлкен патшаксы қайтыс болып, бір жүрмаға жетер жетпес баласы қалған екен.",False,0.2941,0.2941,0.2941,0.0957,0.0957,0.0957,tie
kzaudio_24,whisper_local_large-v3,бұрынғы дипломменен бүгінгі заманауи біздің жеткен дүниеміздегі бар дүниеміз жылмай жылғы бұрынғы дүнчағдайға келмейуден мүмкін.,False,0.2941,0.25,0.25,0.0787,0.0887,0.0787,normalized
kzaudio_25,whisper_local_large-v3,"Адам елін седе, тұрмыз құрса да, интерес барға бір өмірде бір. Сондықтан, әлбетте, спонсор болғанда раз, жасыр немес.",False,0.5,0.4762,0.4762,0.1803,0.15,0.15,normalized
kzaudio_26,whisper_local_large-v3,"Ең бір жаман ой салады, жақсы ой салмайды, жаман ой келеді. Сондықтан со жаман ойды жақсы ойға алмастыру.",False,0.2222,0.1111,0.1111,0.0686,0.0472,0.0472,normalized
kzaudio_27,whisper_local_large-v3,"Бірақ құстың жағы, сүтін, немесе адамның ойына келмеге нәрселердеймес.",False,0.4545,0.4545,0.4545,0.1216,0.1216,0.1216,tie
kzaudio_28,whisper_local_large-v3,"Берсе, алыңыз. Бірақ кейді бұлай-бұлай ғарап тұр пакет кетігі жөретіндер бар.",False,0.6667,0.6667,0.6667,0.2179,0.2025,0.2025,tie
kzaudio_29,whisper_local_large-v3,"қалға жүрмеген артқа кететпәрі бір. Прогресс болу көрек адамда, бір қадам қосылу көрек. Сол сияқты бір жас қосылды адамға.",False,0.2632,0.2632,0.2632,0.0598,0.0678,0.0598,tie
kzaudio_30,whisper_local_large-v3,"5, 6, 7 рет барды. Ол дұрыс ба?",False,0.125,0.125,0.125,0.0286,0.0286,0.0286,tie
kzaudio_31,whisper_local_large-v3,"Ол азада солай, на мағызда солай. Адамды өзгері салып кесе, оны қуаны құрек.",False,0.7692,0.7692,0.7692,0.2222,0.2222,0.2222,tie
