service,subset,n_clips,wer_best_macro,wer_best_micro,cer_best_macro,cer_best_micro,wer_verbatim_macro,wer_normalized_macro
ml_ctc_original,all,31,0.0662,0.0643,0.0186,0.0173,0.1619,0.0688
ml_ctc_original,has_contraction=1,20,0.053,0.054,0.0158,0.0158,0.1773,0.057
ml_ctc_original,has_contraction=0,11,0.0903,0.0929,0.0238,0.0216,0.1339,0.0903
ml_ctc_original,has_dialect_slang=1,0,0.0,0.0,0.0,0.0,0.0,0.0
ml_ctc_original,has_dialect_slang=0,31,0.0662,0.0643,0.0186,0.0173,0.1619,0.0688
ml_ctc_original,has_barbarisms=1,11,0.0717,0.0765,0.0222,0.0226,0.2384,0.0717
ml_ctc_original,has_barbarisms=0,20,0.0632,0.0571,0.0167,0.0141,0.1198,0.0672
ml_ctc_original,has_propers=1,5,0.0615,0.0444,0.012,0.0096,0.1581,0.0775
ml_ctc_original,has_propers=0,26,0.0671,0.0683,0.0199,0.019,0.1626,0.0671
ml_ctc_simulated_telephone,all,31,0.9109,0.9379,0.7901,0.8242,0.911,0.9125
ml_ctc_simulated_telephone,has_contraction=1,20,0.9748,0.9744,0.8702,0.8655,0.9749,0.9773
ml_ctc_simulated_telephone,has_contraction=0,11,0.7947,0.8369,0.6444,0.7072,0.7947,0.7947
ml_ctc_simulated_telephone,has_dialect_slang=1,0,0.0,0.0,0.0,0.0,0.0,0.0
ml_ctc_simulated_telephone,has_dialect_slang=0,31,0.9109,0.9379,0.7901,0.8242,0.911,0.9125
ml_ctc_simulated_telephone,has_barbarisms=1,11,0.9796,0.9795,0.87,0.8707,0.9798,0.9841
ml_ctc_simulated_telephone,has_barbarisms=0,20,0.8731,0.9137,0.7461,0.7963,0.8731,0.8731
ml_ctc_simulated_telephone,has_propers=1,5,0.9895,0.9889,0.8732,0.8835,0.9895,0.9895
ml_ctc_simulated_telephone,has_propers=0,26,0.8958,0.9274,0.7741,0.8109,0.8959,0.8977
ml_ctc_simulated_telephone_external_16k,all,31,0.4645,0.4631,0.2555,0.2689,0.5147,0.4671
ml_ctc_simulated_telephone_external_16k,has_contraction=1,20,0.4579,0.4422,0.2623,0.268,0.5273,0.4619
ml_ctc_simulated_telephone_external_16k,has_contraction=0,11,0.4764,0.5214,0.2432,0.2713,0.4918,0.4764
ml_ctc_simulated_telephone_external_16k,has_dialect_slang=1,0,0.0,0.0,0.0,0.0,0.0,0.0
ml_ctc_simulated_telephone_external_16k,has_dialect_slang=0,31,0.4645,0.4631,0.2555,0.2689,0.5147,0.4671
ml_ctc_simulated_telephone_external_16k,has_barbarisms=1,11,0.3436,0.352,0.1976,0.2095,0.4435,0.3436
ml_ctc_simulated_telephone_external_16k,has_barbarisms=0,20,0.531,0.5285,0.2874,0.3049,0.5538,0.535
ml_ctc_simulated_telephone_external_16k,has_propers=1,5,0.3184,0.3111,0.2027,0.2115,0.3984,0.3344
ml_ctc_simulated_telephone_external_16k,has_propers=0,26,0.4926,0.4943,0.2657,0.2818,0.5371,0.4926
ml_ctc_large_original,all,31,0.0704,0.0643,0.0214,0.0196,0.1655,0.0717
ml_ctc_large_original,has_contraction=1,20,0.0569,0.0566,0.0191,0.0186,0.1831,0.0589
ml_ctc_large_original,has_contraction=0,11,0.095,0.0857,0.0255,0.0227,0.1336,0.095
ml_ctc_large_original,has_dialect_slang=1,0,0.0,0.0,0.0,0.0,0.0,0.0
ml_ctc_large_original,has_dialect_slang=0,31,0.0704,0.0643,0.0214,0.0196,0.1655,0.0717
ml_ctc_large_original,has_barbarisms=1,11,0.0833,0.0816,0.0281,0.0272,0.2515,0.0833
ml_ctc_large_original,has_barbarisms=0,20,0.0633,0.0541,0.0176,0.015,0.1183,0.0653
ml_ctc_large_original,has_propers=1,5,0.0695,0.0556,0.0133,0.0112,0.1661,0.0775
ml_ctc_large_original,has_propers=0,26,0.0706,0.0661,0.0229,0.0215,0.1654,0.0706
ml_ctc_large_simulated_telephone,all,31,0.8259,0.8504,0.6364,0.6657,0.8325,0.8275
ml_ctc_large_simulated_telephone,has_contraction=1,20,0.8683,0.8715,0.6888,0.687,0.8779,0.8709
ml_ctc_large_simulated_telephone,has_contraction=0,11,0.7487,0.7914,0.541,0.605,0.7499,0.7487
ml_ctc_large_simulated_telephone,has_dialect_slang=1,0,0.0,0.0,0.0,0.0,0.0,0.0
ml_ctc_large_simulated_telephone,has_dialect_slang=0,31,0.8259,0.8504,0.6364,0.6657,0.8325,0.8275
ml_ctc_large_simulated_telephone,has_barbarisms=1,11,0.8105,0.8103,0.6194,0.6102,0.8276,0.8116
ml_ctc_large_simulated_telephone,has_barbarisms=0,20,0.8343,0.8739,0.6457,0.6993,0.8352,0.8363
ml_ctc_large_simulated_telephone,has_propers=1,5,0.8922,0.8764,0.7031,0.7039,0.8933,0.9025
ml_ctc_large_simulated_telephone,has_propers=0,26,0.8131,0.8451,0.6235,0.6572,0.8208,0.8131
ml_ctc_large_simulated_telephone_external_16k,all,31,0.3591,0.3648,0.1862,0.2089,0.424,0.3604
ml_ctc_large_simulated_telephone_external_16k,has_contraction=1,20,0.3975,0.3882,0.2257,0.239,0.4782,0.3995
ml_ctc_large_simulated_telephone_external_16k,has_contraction=0,11,0.2893,0.3,0.1143,0.1226,0.3253,0.2893
ml_ctc_large_simulated_telephone_external_16k,has_dialect_slang=1,0,0.0,0.0,0.0,0.0,0.0,0.0
ml_ctc_large_simulated_telephone_external_16k,has_dialect_slang=0,31,0.3591,0.3648,0.1862,0.2089,0.424,0.3604
ml_ctc_large_simulated_telephone_external_16k,has_barbarisms=1,11,0.2691,0.2755,0.1724,0.183,0.4047,0.2691
ml_ctc_large_simulated_telephone_external_16k,has_barbarisms=0,20,0.4086,0.4174,0.1937,0.2246,0.4346,0.4106
ml_ctc_large_simulated_telephone_external_16k,has_propers=1,5,0.3331,0.3111,0.163,0.1667,0.3955,0.3411
ml_ctc_large_simulated_telephone_external_16k,has_propers=0,26,0.3641,0.3759,0.1906,0.2184,0.4294,0.3641
gemini_gemini-2.5-flash,all,31,0.2946,0.2817,0.1254,0.1175,0.3628,0.2972
gemini_gemini-2.5-flash,has_contraction=1,20,0.3174,0.2905,0.1249,0.1149,0.4017,0.3214
gemini_gemini-2.5-flash,has_contraction=0,11,0.2532,0.2571,0.1264,0.1249,0.2921,0.2532
gemini_gemini-2.5-flash,has_dialect_slang=1,0,0.0,0.0,0.0,0.0,0.0,0.0
gemini_gemini-2.5-flash,has_dialect_slang=0,31,0.2946,0.2817,0.1254,0.1175,0.3628,0.2972
gemini_gemini-2.5-flash,has_barbarisms=1,11,0.3755,0.3622,0.1697,0.1611,0.4854,0.3755
gemini_gemini-2.5-flash,has_barbarisms=0,20,0.2501,0.2342,0.1011,0.0911,0.2954,0.2541
gemini_gemini-2.5-flash,has_propers=1,5,0.2664,0.2556,0.1115,0.1058,0.3548,0.2824
gemini_gemini-2.5-flash,has_propers=0,26,0.3001,0.287,0.1281,0.1201,0.3643,0.3001
google_stt,all,31,0.6486,0.6654,0.3815,0.4002,0.6599,0.6531
google_stt,has_contraction=1,20,0.7002,0.6992,0.4446,0.4452,0.7163,0.705
google_stt,has_contraction=0,11,0.5549,0.5714,0.2669,0.2726,0.5574,0.5586
google_stt,has_dialect_slang=1,0,0.0,0.0,0.0,0.0,0.0,0.0
google_stt,has_dialect_slang=0,31,0.6486,0.6654,0.3815,0.4002,0.6599,0.6531
google_stt,has_barbarisms=1,11,0.712,0.7128,0.4486,0.4459,0.7327,0.7153
google_stt,has_barbarisms=0,20,0.6138,0.6377,0.3446,0.3727,0.6199,0.6189
google_stt,has_propers=1,5,0.6451,0.6292,0.3418,0.3366,0.6611,0.6646
google_stt,has_propers=0,26,0.6493,0.6727,0.3891,0.4144,0.6597,0.6509
hf_shyngys879_kazakh-whisper-large-v3-turbo,all,31,0.1187,0.121,0.0377,0.0395,0.1977,0.1187
hf_shyngys879_kazakh-whisper-large-v3-turbo,has_contraction=1,20,0.1376,0.1362,0.0472,0.0465,0.2377,0.1376
hf_shyngys879_kazakh-whisper-large-v3-turbo,has_contraction=0,11,0.0845,0.0786,0.0204,0.0193,0.1251,0.0845
hf_shyngys879_kazakh-whisper-large-v3-turbo,has_dialect_slang=1,0,0.0,0.0,0.0,0.0,0.0,0.0
hf_shyngys879_kazakh-whisper-large-v3-turbo,has_dialect_slang=0,31,0.1187,0.121,0.0377,0.0395,0.1977,0.1187
hf_shyngys879_kazakh-whisper-large-v3-turbo,has_barbarisms=1,11,0.1817,0.1837,0.069,0.0693,0.3014,0.1817
hf_shyngys879_kazakh-whisper-large-v3-turbo,has_barbarisms=0,20,0.0841,0.0841,0.0205,0.0216,0.1407,0.0841
hf_shyngys879_kazakh-whisper-large-v3-turbo,has_propers=1,5,0.0922,0.1,0.0162,0.0175,0.1998,0.0922
hf_shyngys879_kazakh-whisper-large-v3-turbo,has_propers=0,26,0.1239,0.1253,0.0418,0.0444,0.1973,0.1239
whisper_local_large-v3,all,31,0.4255,0.4186,0.1298,0.129,0.4758,0.4304
whisper_local_large-v3,has_contraction=1,20,0.4406,0.4253,0.1366,0.1334,0.5004,0.4483
whisper_local_large-v3,has_contraction=0,11,0.398,0.4,0.1174,0.1165,0.4309,0.398
whisper_local_large-v3,has_dialect_slang=1,0,0.0,0.0,0.0,0.0,0.0,0.0
whisper_local_large-v3,has_dialect_slang=0,31,0.4255,0.4186,0.1298,0.129,0.4758,0.4304
whisper_local_large-v3,has_barbarisms=1,11,0.475,0.4821,0.161,0.1667,0.5469,0.4817
whisper_local_large-v3,has_barbarisms=0,20,0.3982,0.3814,0.1127,0.1065,0.4367,0.4022
whisper_local_large-v3,has_propers=1,5,0.4895,0.4831,0.1263,0.1256,0.5279,0.5084
whisper_local_large-v3,has_propers=0,26,0.4132,0.4055,0.1305,0.1298,0.4658,0.4154
yandex_stt,all,31,0.1713,0.166,0.0651,0.0627,0.2429,0.1783
yandex_stt,has_contraction=1,20,0.1588,0.1513,0.055,0.0558,0.2486,0.1698
yandex_stt,has_contraction=0,11,0.1939,0.2071,0.0834,0.0826,0.2326,0.1939
yandex_stt,has_dialect_slang=1,0,0.0,0.0,0.0,0.0,0.0,0.0
yandex_stt,has_dialect_slang=0,31,0.1713,0.166,0.0651,0.0627,0.2429,0.1783
yandex_stt,has_barbarisms=1,11,0.1769,0.1735,0.067,0.0685,0.3197,0.1769
yandex_stt,has_barbarisms=0,20,0.1682,0.1617,0.064,0.0592,0.2007,0.1791
yandex_stt,has_propers=1,5,0.2408,0.2111,0.056,0.0529,0.298,0.2568
yandex_stt,has_propers=0,26,0.1579,0.1568,0.0668,0.0649,0.2323,0.1632
